{"minzoom":0,"maxzoom":9,"center":[-5.976563,5.265909,9.0],"bounds":[-8.601805,4.360553,-2.492309,10.745652]}