{"minzoom":0,"maxzoom":8,"center":[-4.921875,6.314827,8.0],"bounds":[-8.601805,4.360553,-2.492309,10.745652]}